{
    "text_box":
    {
        "colours":
        {
            "dark_bg":"#09940F",
            "normal_text":"#FFFFFF",
            "normal_border": "#000000",
            "link_text": "#FF0000",
            "link_hover": "#FFFF00",
            "link_selected": "#FFFFFF"
        },

        "misc":
        {
            "border_width": "1",
            "padding": "5,5",
            "link_normal_underline": "0",
            "link_hover_underline": "1",
            "line_spacing": "1.0"
        }
    },
    "text_box.vertical_scroll_bar":
    {
        "colours":
        {
           "dark_bg": "#505068"
        }
    },
    "text_box.vertical_scroll_bar.#sliding_button":
    {
        "misc":
        {
           "border_width": "1"
        }
    },

    "text_entry_line":
    {
        "colours":
        {
            "dark_bg":"#09940F",
            "normal_text":"#FFFFFF",
            "normal_border": "#000000",
            "link_text": "#FF0000",
            "link_hover": "#FFFF00",
            "link_selected": "#FFFFFF"
        },

        "misc":
        {
            "border_width": "1",
            "padding": "10,10",
            "link_normal_underline": "0",
            "link_hover_underline": "1",
            "line_spacing": "1.0"
        }
    }
}